<?xml version="1.0" encoding="UTF-8"?>
<project-private xmlns="http://www.netbeans.org/ns/project-private/1">
    <editor-bookmarks xmlns="http://www.netbeans.org/ns/editor-bookmarks/2" lastBookmarkId="0"/>
    <open-files xmlns="http://www.netbeans.org/ns/projectui-open-files/2">
        <group>
            <file>file:/C:/Users/Alliza/Documents/NetBeansProjects/OOPFinals/src/oopfinals/Log_In.java</file>
            <file>file:/C:/Users/Alliza/Documents/NetBeansProjects/OOPFinals/src/oopfinals/Admin_User_Info.java</file>
            <file>file:/C:/Users/Alliza/Documents/NetBeansProjects/OOPFinals/src/oopfinals/Admin_Book_Info.java</file>
            <file>file:/C:/Users/Alliza/Documents/NetBeansProjects/OOPFinals/src/oopfinals/Sign_Up.java</file>
            <file>file:/C:/Users/Alliza/Documents/NetBeansProjects/OOPFinals/src/oopfinals/Welcome.java</file>
            <file>file:/C:/Users/Alliza/Documents/NetBeansProjects/OOPFinals/src/oopfinals/User_Book_Search.java</file>
            <file>file:/C:/Users/Alliza/Documents/NetBeansProjects/OOPFinals/src/oopfinals/OOPFinals.java</file>
            <file>file:/C:/Users/Alliza/Documents/NetBeansProjects/OOPFinals/src/oopfinals/Admin_Dashboard.java</file>
            <file>file:/C:/Users/Alliza/Documents/NetBeansProjects/OOPFinals/src/oopfinals/User_Dashboard.java</file>
            <file>file:/C:/Users/Alliza/Documents/NetBeansProjects/OOPFinals/src/oopfinals/User_My_Books.java</file>
        </group>
    </open-files>
</project-private>
